Company Name,CS,PM/SDM,Resource,vCISO,Service Type,Current Engagement,RAG Status Internal (based on CS and PM),Next Steps/AIs (Based on CS and PM),Comments (CS/PM),"Comments (Vipin/Sam/Robin/Perley/Naveen)
",Accountability(PM/Vertical Head),Status (Open/On-going)
Prairie View A&M University,Rachit,MJ/Sam Mukherjee,,-,MEA,"
1. OIT - ERP Management Services RFP",Red,Client terminated the contract however extended it for just 3 months.,PM Issue,"They complained about the PM, and OculusIT went on a meeting w them and replaced the PM.",MJ/Sam Mukherjee,On-going
Seward County Community College,Rachit,Matt ,,Kenny,ITO,"1. Banner Managed Services (DBA)
2. Network Management and SOC Services.                                                 3. OIT - Project Management Services                                   4. IT Outsourcing",Amber,Contract scope has been modified removing NOC/ SOC and Helpdesk,Onsite CIO keeps blaming remote team for not being able to do anything.,Client wants to reduce and restructure their contract. Proposal being worked upon by Jim.,Matt ,
Colorado College,Anjali,Sophie,,Jonathan,MSS,"SOC, vCISO, GLBA and Pentest",Red,On going SOC Tool issue,"Non Renewal.  SOC repeatedly dropped the ball here, but client is also not a great fit.",they will be one of the first schools to be given the option to move to inoply,Robin,Open
Voorhees University,Sourabh,Matthew ,,-,MSS,"SOC
Pen Test",Red,"1.There is a recurring payment issue, Wherein client has not been responding to any calls or mails.
2. Need to connect with CFO ",Payment Received. PM is connecting with Client once confirmed on time options.,Client is not responding to PM and agents are also down since a while. PM and CS both are reaching out frequently,Robin,Open
Briar Cliff University,Rachit,Ron,Mike Cassar,-,MSS,CIO as a Service,Red,Client not happy with the vCIO service. Offered to use the engagement for another service and adjust remaining hours,,,Ron,
Bennett College,Rachit,Robin,,Johnny,ITO,"1. OIT - IT Outsourcing Services
2. OIT Managed ERP Services - PowerFaids & PowerCampus Resource
3. OIT Professional Services - GLBA Security Assessment",Amber,Onsite IT Manager and Mike C are working on items requested by the new POC,Change in leadership. Recently has a ransomware attack,Onsite IT Manager and Mike C are working on items requested by the new POC,Robin,
Fisk University,Roger,Prantik,,-,QL,"1.  OIT Managed Services - SSO Provisioning (QL)

",Red,QL Churn,Client has 2 schedules with us (including 2500 licenses) and the license utilization is approximately 2000 licenses. Client shared that they have explored other options for IDAM services with Free Pen Testing from Homeland Security. Tried offering free Penetration Testing also and tried getting the approximate quote from the other vendors but the client didn't want to disclose. Hence this will be a churn.,Dir CS has this under control. The client hasn’t been very responsive for the last 2–3 years.,QL,Open
Manhattan School of Music,Roger,Yashi,,Eric,MSS,"1. vCISO and IT Security Assessment Services
2. SOC as a Service & Remediation Hours                                                      
3.  Penetration Testing                       ",Amber,Followup for Soc Renewal in February end.,Checked the feedback for the new CISO on the EHC with Juan and Seth and they are neutral for now. Reached out to Neeraj for the Renewal of SOC and Neeraj responded they will review and update by the end of February 2026,Client moved from a multi-year to one year renewal,Yashi,Ongoing
Morehouse School of Medicine,Roger,Chris,,-,MEA,BEIS - Implementation and Support,Red,OIT Churn,"PM  - They were never engaged, and haven't used OIT services since 2019. not making payments and have sent the termination notice.","This was a one-time engagement. The client also hasn’t paid for this year’s service, which they discontinued using last year. We are internally working on a credit-memo for this.",Chris,Open
Bowie State University,Roger,Yashi,,Aditya,MSS,vCISO,Red,PM is following up to re-start the conversation. CS will follow up next.,No Communication with client from the very begininng. Client is non-responsive to our emails.,Payment issues - CS is working on this,Yashi,Open
Parkland College,Sourabh,Yashi,,-,MIS,"Infrastructure resources including Systems, Cloud, Network, and Cybersecurity",Amber,CS and PM will reach out to client on the Project call on Friday,No work is coming.,,Yashi,
Lakeshore Technical College,Ryan,Sophie,-,Blake,MSS,vCISO,Amber,Client has not responded on the feedback email. Keeping in Amber for now. Although we don't have any onging issues/escalations.,"They only renewed for vCISO services. Perley is handling the vCISO engagement. We don't have any ongoing issues with this engagement. 

1/30 - Account got transitoned from Perley to Blake",There was a downsell in this account.,Perley,On Going
Regis Jesuit High School,Sourabh,Yashi,"1. Ola
2. Arthur",-,MIS,"Managed Infrastructure Services                    
Helpdesk and Desktop Manager
",Amber,PM will connect with client on Project call (Monday),"1. ticket remains untouched for weeks, it forces our internal team to either work around known issues or attempt fixes outside our intended responsibilities.

2. Each unresolved network issue compounds risk—whether that is downtime, performance degradation, or user impact—and those risks ultimately affect our organization, not just a ticket queue.

PM has ackknowledged and shared the timlines for the ticket completion ",,Daman,On Going
Mercy College of Health Sciences,Anjali,Tyler,,-,MEA,Colleague Professional Services,Amber,"David Lane was the primary resource assigned to the engagement. He was later replaced by Carlis, and the customer was very satisfied with the transition. After approximately two months, Carlis also exited the engagement, and the resource has since been changed again. Overall, the client remains satisfied with the service; however, the primary delays have been occurring on the client’s side.",Resource Issue,,Sam,
Southwestern College,Rachit,Suhail,,Christopher,ITO,ITO,Red,Onsite CIO position is still open,CIO was let go- position still open. Helpdesk implementation was pending for long but now completed,,Suhail,
Burrell College of Osteopathic Medicine,Sourabh,Sophie,,,SOC as a Service,SOC as a Service,Red,"1. Not satisfied with the Services. Need to schedule a call.
Provided demo for new SOC tool waiting for client to confirm implementation. 
2. Discussed with Lee(CIO) on EHC and mentioned that they will not renew the contract with OIT",SOC issues ,,Robin,
Wilkes University,Roger,Sophie,,Michael Morrow,MSS,"CISO, Pen Test, GLBA, VA, Office 65 Assessment, Security Remeditation Services",Red,Scheduled a call with client and along with Vipin to discuss the renewal. Next Steps is to discuss the renewal again in April.,Received an email from client for non- renewal of services due to budget issues.,,Sophie,Open
Community College System of New Hampshire,Ryan,Matt,,-,MEA,ERP Assessment,Amber,PM is trying to schedule a meeting to start he phase 2 of the project.,"Assessment is progress, cleint asked to hold the project and will continue after Jan 15th due to other ongoing priorities...",,Sam,Ongoing
Schreiner University,Rachit,Ron,,Christopher,ITO,ITO,Red,Open issues are being tracked. Tom went onsite to meet with client,"Open issues on JZ and SIS evaluation for a long time. Also, client has an impression that onsite team are not getting much support from global team",,Ron,
University of the Pacific,Ryan,Sophie,Kane,,MSS,"SOC                  
BBH Helpdesk",Red,Churned account,"Client decised to not renew the SOC services, and reached out to BBH directly for Helpdesk renewal. BBH informed us and OIT leadership decided to drop this contract.

1/30 - SOC offboarding will start in March",,Robin,Open
New England Conservatory Of Music,Anjali,Prantik,,,MEA,SQL Dba,,We have already shared the details of the resource assigned to the engagement. Prantik will be scheduling a follow-up call with the client to discuss next steps.,,,Prantik,
King University,Sourabh,Matthew ,,,MSS,SOC+ Pen Test,,,Client shared the termination fo the contract,,Robin,
Alverno College,Roger,Matthew ,,,MSS,SOC,,Not happy with the current SOC Services and want XDR. Demo Provided on 01/15. Next step is to share the proposal.,Not happy with the current SOC setup. New Tool SOC Demo given and updated Renewal Agreement needs to be shared with client.,,Matthew,Open
The New School,Ryan,Sam,,,MSS,SOC,,Not happy with SOC service. Robin is working with Clint on the roadmap.,Not happy with the current SOC setup,,Robin,On Going
College of Idaho,Rachit,Satya,,Johnny,ITO,ITO,,CIO resigned- needs replacement ASAP. Open issues with Colleague and Financial Aid.,Both colleague and slate resources are NOT happy with work scope & might leave.,,Satya,
Newman University,Rachit,Ron,,Christopher,ITO,ITO,Amber,,No onsite resources have been hired yet. We are using temp helpdesk and CIO.,,Ron,
Florida State College at Jacksonville,Roger,Sophie,,Dakota,vCISO,vCISO,Amber,Internal discussion scheduled for 02/01 and time option shared with client to setup a call to fulfill the gaps.,Not happy with the progress of current vCISO engagement.,,Perley,Ongoing
Cincinnati State Technical and Community College,Ryan,Sophie,,Dakota,MSS,vCISO,,"Termination notice received. Vipin is reaching out to the CIO, Frankie, to have a discussion to save the churn",There have been multiple escalations for Dakota. ,,Perley,Open
Pacific Northwest University of Health Sciences,Sourabh,Yashi,,Dakota ,MSS,SOC+GLBA+vCISO+Pen Test,Amber,Change of CISO in Proccess,"1. Dakota misses the calls, he has missed three calls and stated that he had outage in his area all the three times.
2. PNWU  also complained that  some his analysis was not upto the mark",,Perley,On Going
Lewis University,Sourabh,Ron,,Dakota,MSS,SOC+vCISO+GLBA+Remediation Services+ Pen Test+VA,Amber,Change of CISO in Proccess,"1. He joined late on a couple of occasions but it has been over 3-4 months now… I was able to de-escalate the situation with the client.
2. we have 400 hours/ year and the utilisation is lower",,Perley,On Going
Anne Arundel Community College ,Sourabh,Matthew,,,MSS,SOC+ Pen Test+ VA+30 Hrs Remediation service for only 1 year,Amber,In discussion with Jim,Mike (CIO) says he had a discussion during the Sales call regarding regarding remediation services and which is not included in contract,,Perley,On Going
Worcester Polytechnic Institute,Ryan,Abhishek,,,MSS + MIS,"Managed System Services (SOC) 
Managed System Services
IT System Architecture Assesment",Amber,Abhishek is working on onboarding the customer on new SOC platform.,We received a termination notice basis we fail to onboard them on new SOC tool by April 15.,,Robin,On Going
Texas Southern University,Ryan,Sophie,"Scott, Richard Cook",,MSS + BBH,"SOC                  
BBH Helpdesk",Amber,Sophie is trying to onboard their network devices and switches.,They are not complaining about the remaining onboarding checklist but they are not yet ready to continue onboarding. This is due to space issues on thier server,,Robin / Sophie,On Going
Belmont University,Roger,Prantik,,,MIS,OIT hosting services - Open DS hosting,,Confirmed Non-Renewal,They have moved to cloud as per the PM,,Prantik,Open
Killingly Public Schools,Roger,Yashi,,,MSS," OIT - 24x7 SOC-as-a-Service:
(OIT Eye - Security Dashboard; Support Services including: 24x7 Security Incidents - Security Incident Management and Vulnerability Assessment - Assess Vulnerabilities)",,Confirmed Non-Renewal,They now have their in house Soc setup and will discontinue the services once the contract gets over on March 1st 2026.,,Yashi,Open
Sierra College,Ryan,Tyler,,,MEA,24x7 Application Monitoring,,Confirmed Non-Renewal,Strategic changes at Sierra College. No complains or escalations.,,Tyler,Open
Stockton University,Roger,Chris,,,MEA+MSS,"Banner Services (BOH - 100 Hours)
Pen Test",,Confirmed Non-Renewal,Client stated the reason for non - renewal is due to state laws they can't continue the agreement for more than 5 years with same vendor.,,Chris,Open
Wayne State University,Roger,Matthew,,,MSS,"1. 24x7 SOC Services - Implementation, Training and Client Onboarding",,Confirmed Non-Renewal,client stated that the university has decided to move to a different direction hence they would not be renewing. Thye didn't disclose the direction until the University makes it official. Offboarding process is in place and the contract concludes on 02/09/26,,Matthew,Open
Gonzaga University,Ryan,Matt,"Daniel, Shalini, Babu, Vish",,MEA,"24x7 NOC System Support
Banner Managed Services",Amber,We have worked on the ticketing issue and started getting more work. ,"Client is happy now. however, keeping the account in Amber for now to monitor. ",,Matt,On Going
East Texas A&M University,Ryan,Sophie,,,MEA,"PL/SQL Professional Services
Banner DBA",,Confirmed Non-Renewal,They hired an in-house resource and do not need our services at this point.,,Sam,Open
Ripon college,Anjali,Prantik,,Dakota,MSS,"SOC, vCISO, GLBA and Pentest",,We had an escalation call with Gary for Dakota's unavailbility,Gary was unhappy due to frequent cancellations of the vCISO calls.,,Perley,open
Elizabethtown College,Anjali,Sophie,,,MSS,SOC+NOC+GLBA+Pentest+vCISO+Remediation Hrs,,,"The client raised concerns regarding missed alerts in the KnowBe4 monitoring system. Randall indicated that multiple escalations had already been raised; however, the issue persists. As a result, the client has begun to question the reliability of other services, even though those services are currently operating as expected.",,,\n